{"experiment":{"name":"Tutorial", "description":"Experiment description with **Markdown** support.\n", "templateId":null}, "timelineSteps":[{"stepDataList":[{"dataId":399, "relationType":"output"}, {"dataId":400, "relationType":"output"}, {"dataId":401, "relationType":"output"}, {"dataId":402, "relationType":"output"}], "timelineSubsteps":[], "start":"2025-03-10T09:05:50Z", "end":"2025-03-10T09:05:50Z", "status":"SUCCESS", "resultQuality":"GOOD", "resultLog":"Result stored in file", "processorName":"data-creator", "processorVersion":"v0.2.3", "processorLocation":"http://localhost:5005/plugins/data-creator@v0-2-3/", "parameters":"datasetType=checkerboard&numTrainPoints=100&numTestPoints=100&noise=0.7&turns=1.52&centers=4", "parametersContentType":"application/x-www-form-urlencoded", "notes":"Notes are auto saved.\n", "progressStart":0.0, "progressTarget":100.0, "progressValue":null, "progressUnit":"%"}, {"stepDataList":[{"dataId":399, "relationType":"input"}, {"dataId":400, "relationType":"input"}, {"dataId":401, "relationType":"input"}, {"dataId":402, "relationType":"input"}, {"dataId":403, "relationType":"output"}, {"dataId":404, "relationType":"output"}, {"dataId":405, "relationType":"output"}, {"dataId":406, "relationType":"output"}], "timelineSubsteps":[], "start":"2025-03-10T09:10:16Z", "end":"2025-03-10T09:10:18Z", "status":"SUCCESS", "resultQuality":"BAD", "resultLog":"Result stored in file", "processorName":"svm", "processorVersion":"v0.1.1", "processorLocation":"http://localhost:5005/plugins/svm@v0-1-1/", "parameters":"trainKernelUrl=&trainPointsUrl=http%3A%2F%2Flocalhost%3A9090%2Fexperiments%2F15%2Fdata%2Ftrain_data_data-creator_type_checkerboard_amount_100.json%2Fdownload%3Fversion%3D1&trainLabelPointsUrl=http%3A%2F%2Flocalhost%3A9090%2Fexperiments%2F15%2Fdata%2Ftrain_labels_data-creator_type_checkerboard_amount_100.json%2Fdownload%3Fversion%3D1&testKernelUrl=&testPointsUrl=http%3A%2F%2Flocalhost%3A9090%2Fexperiments%2F15%2Fdata%2Ftest_data_data-creator_type_checkerboard_amount_100.json%2Fdownload%3Fversion%3D1&testLabelPointsUrl=http%3A%2F%2Flocalhost%3A9090%2Fexperiments%2F15%2Fdata%2Ftest_labels_data-creator_type_checkerboard_amount_100.json%2Fdownload%3Fversion%3D1&kernelEnum=linear&regularizationC=1.0&degree=3&dataMapsEnum=havlicek_kernel&entanglementPattern=full&paulis=&reps=2&shots=1000&backend=aer_statevector_simulator&ibmqToken=***&customBackend=&visualize=on&resolution=80", "parametersContentType":"application/x-www-form-urlencoded", "notes":"", "progressStart":0.0, "progressTarget":100.0, "progressValue":null, "progressUnit":"%"}], "experimentDataList":[{"dataId":399, "location":"6140cfae-c50f-4b1e-b8fe-b8b486840e22", "type":"entity/vector", "contentType":"application/json", "name":"train_data_data-creator_type_checkerboard_amount_100.json", "version":1}, {"dataId":400, "location":"ee187645-e975-4e94-960d-a1f15f960adc", "type":"entity/label", "contentType":"application/json", "name":"train_labels_data-creator_type_checkerboard_amount_100.json", "version":1}, {"dataId":401, "location":"e31b8e3a-a62f-4e39-8c3e-bec7ab150c69", "type":"entity/vector", "contentType":"application/json", "name":"test_data_data-creator_type_checkerboard_amount_100.json", "version":1}, {"dataId":402, "location":"241e126c-d44e-4fcd-acbc-468eec542388", "type":"entity/label", "contentType":"application/json", "name":"test_labels_data-creator_type_checkerboard_amount_100.json", "version":1}, {"dataId":403, "location":"c95e6f6f-0cc7-4410-83c6-3814fa920584", "type":"entity/label", "contentType":"application/json", "name":"labels_svm_kernel_linear_regularization_1.0_Hffysb-Ehxhm.json", "version":1}, {"dataId":404, "location":"7badb02b-3035-41d7-8e2f-72dc4139b7d9", "type":"plot", "contentType":"text/html", "name":"plot_svm_kernel_linear_regularization_1.0_Hffysb-Ehxhm.html", "version":1}, {"dataId":405, "location":"ea0cbae7-3c2f-41a0-9ddb-b02bd7ca9db3", "type":"plot", "contentType":"text/html", "name":"confusion_matrix_svm_kernel_linear_regularization_1.0_Hffysb-Ehxhm.html", "version":1}, {"dataId":406, "location":"ac5de0c3-fe19-48d0-93e5-835ff7f23edd", "type":"support-vectors", "contentType":"application/json", "name":"support-vectors_svm_kernel_linear_regularization_1.0_Hffysb-Ehxhm.json", "version":1}]}